Location,City,Brand
24281 Pacific Park Dr,Aliso Viejo,76
1000 N State College Blvd,Anaheim,76
1200 N Euclid St,Anaheim,76
1201 E Lincoln Ave,Anaheim,76
1201 S State College Blvd,Anaheim,76
2585 W La Palma Ave,Anaheim,76
260 S Euclid St,Anaheim,76
3450 W Ball Rd,Anaheim,76
3731 E La Palma Ave,Anaheim,76
805 S Harbor Blvd,Anaheim,76
945 N Weir Canyon Rd,Anaheim,76
1200 E Imperial Hwy,Brea,76
1203 W Lambert Rd,Brea,76
2405 E Imperial Hwy,Brea,76
798 N Brea Blvd,Brea,76
5262 Beach Blvd,Buena Park,76
6971 Orangethorpe Ave,Buena Park,76
2201 E Coast Hwy,Corona Del Mar,76
3400 E Coast Hwy,Corona Del Mar,76
1195 Baker St,Costa Mesa,76
1900 Newport Blvd,Costa Mesa,76
2281 Newport Blvd,Costa Mesa,76
3067 Bristol St,Costa Mesa,76
393 E 17th St,Costa Mesa,76
32611 Niguel Rd,Dana Point,76
11470 Edinger Ave,Fountain Valley,76
100 W Bastanchury Rd,Fullerton,76
1133 E Commonwealth Ave,Fullerton,76
2043 W Commonwealth Ave,Fullerton,76
3001 Yorba Linda Blvd,Fullerton,76
12001 Valley View St,Garden Grove,76
12491 Haster St,Garden Grove,76
12512 Knott St,Garden Grove,76
13002 Chapman Ave,Garden Grove,76
13960 Harbor Blvd,Garden Grove,76
9011 Westminster Ave,Garden Grove,76
16971 Goldenwest St,Huntington Beach,76
18742 Main St,Huntington Beach,76
21471 Brookhurst St,Huntington Beach,76
9002 Adams Ave,Huntington Beach,76
14886 Sand Canyon Ave,Irvine,76
4760 Irvine Blvd,Irvine,76
5410 Walnut Ave,Irvine,76
601 W Imperial Hwy,La Habra,76
5482 La Palma Ave,La Palma,76
5502 Orangethorpe Ave,La Palma,76
24082 El Toro Rd,Laguna Hills,76
25172 Cabot Rd,Laguna Hills,76
22391 El Toro Rd,Lake Forest,76
26282 Oso Pkwy,Mission Viejo,76
26411 Crown Valley Pkwy,Mission Viejo,76
27271 Trabuco Rd,Mission Viejo,76
2690 San Miguel Dr,Newport Beach,76
3401 Newport Blvd,Newport Beach,76
105 W Lincoln Ave,Orange,76
1234 N Main St,Orange,76
2756 N Tustin St,Orange,76
615 S Tustin St,Orange,76
684 S Glassell St,Orange,76
480 S Placentia Ave,Placentia,76
600 N Rose Dr,Placentia,76
801 S Kraemer Blvd,Placentia,76
1201 S El Camino Real,San Clemente,76
2360 S El Camino Real,San Clemente,76
606 Camino De Los Mares,San Clemente,76
26572 Junipero Serra Rd,San Juan Capistrano,76
1502 E Edinger Ave,Santa Ana,76
2921 S Bristol St,Santa Ana,76
5201 W 1st St,Santa Ana,76
617 E 17th St,Santa Ana,76
13980 Seal Beach Blvd,Seal Beach,76
12493 Beach Bld,Stanton,76
8505 Katella Ave,Stanton,76
1001 E Edinger Ave,Tustin,76
13561 Newport Ave,Tustin,76
3017 Edinger Ave,Tustin,76
5000 Westminster Blvd,Westminster,76
5981 Westminster Blvd,Westminster,76
6322 Westminster Blvd,Westminster,76
8482 Westminster Blvd,Westminster,76
19851 Esperanza Rd,Yorba Linda,76
107 W Ball Rd,Anaheim,Other
8495 Western Ave,Buena Park,Other
204 E 17th St,Costa Mesa,Other
1000 W Orangethorpe Ave,Fullerton,Other
13472 Euclid St,Garden Grove,Other
706 Pacific Coast Hwy,Huntington Beach,Other
8693 Irvine Center Dr,Irvine,Other
31702 Pacific Coast Hwy,Laguna Beach,Other
290 S Main St,Orange,Other
818 W Orangethorpe Ave,Placentia,Other
1700 E Dyer Rd,Santa Ana,Other
2217 E 17th St,Santa Ana,Other
13982 Bolsa Chica Rd,Westminster,Other
15991 Magnolia St,Westminster,Other
16851 E McFadden Ave,Tustin,Other
1037 W Ball Rd,Anaheim,ARCO
1201 S Brookhurst St,Anaheim,ARCO
1700 W La Palma Ave,Anaheim,ARCO
1801 S State College Blvd,Anaheim,ARCO
2101 S Harbor Blvd,Anaheim,ARCO
2791 E Lincoln Ave,Anaheim,ARCO
301 S Anaheim Blvd,Anaheim,ARCO
3101 E La Palma Ave,Anaheim,ARCO
530 N Brookhurst St,Anaheim,ARCO
770 N East St,Anaheim,ARCO
9472 Katella Ave,Anaheim,ARCO
7990 S Knott Ave,Buena Park,ARCO
2021 Newport Blvd,Costa Mesa,ARCO
2490 Fairview Rd,Costa Mesa,ARCO
2602 Newport Blvd,Costa Mesa,ARCO
300 N Bristol St,Costa Mesa,ARCO
3003 Newport Blvd,Costa Mesa,ARCO
3201 Harbor Blvd,Costa Mesa,ARCO
799 W 19th St,Costa Mesa,ARCO
4988 Ball Rd,Cypress,ARCO
5012 Lincoln Ave,Cypress,ARCO
9511 Valley View St,Cypress,ARCO
34342 Pacific Coast Hwy,Dana Point,ARCO
26731 Portola Pkwy,Foothill Ranch,ARCO
10975 Edinger Ave,Fountain Valley,ARCO
17520 Brookhurst St,Fountain Valley,ARCO
8520 Warner Ave,Fountain Valley,ARCO
1000 N Harbor Blvd,Fullerton,ARCO
1000 W Valencia Dr,Fullerton,ARCO
1202 E Orangethorpe Ave,Fullerton,ARCO
2351 E Orangethorpe Ave,Fullerton,ARCO
2840 E Imperial Hwy,Fullerton,ARCO
401 N Placentia Ave,Fullerton,ARCO
519 S Harbor Blvd,Fullerton,ARCO
12931 Garden Grove Blvd,Garden Grove,ARCO
13331 Euclid St,Garden Grove,ARCO
13361 Harbor Blvd,Garden Grove,ARCO
15501 Edwards St,Huntington Beach,ARCO
16501 Goldenwest St,Huntington Beach,ARCO
17502 Goldenwest St,Huntington Beach,ARCO
18972 Beach Blvd,Huntington Beach,ARCO
19971 Beach Blvd,Huntington Beach,ARCO
21452 Brookhurst St,Huntington Beach,ARCO
5981 Warner Ave,Huntington Beach,ARCO
6002 Bolsa Ave,Huntington Beach,ARCO
14111 Jeffrey Rd,Irvine,ARCO
6501 Quail Hill Pkwy,Irvine,ARCO
1401 E Lambert Rd,La Habra,ARCO
501 W Whittier Blvd,La Habra,ARCO
5472 Orangethorpe Ave,La Palma,ARCO
27491 La Paz Rd,Laguna Niguel,ARCO
24181 Moulton Pkwy,Laguna Woods,ARCO
29080 Portola Pkwy,Lake Forest,ARCO
11171 Los Alamitos Blvd,Los Alamitos,ARCO
23921 Alicia Pkwy,Mission Viejo,ARCO
25122 Marguerite Pkwy,Mission Viejo,ARCO
26001 La Paz Rd,Mission Viejo,ARCO
27682 Crown Valley Pkwy,Mission Viejo,ARCO
2100 SE Bristol St,Newport Beach,ARCO
100 N Tustin St,Orange,ARCO
1935 E Katella Ave,Orange,ARCO
2493 N Tustin St,Orange,ARCO
291 S Tustin St,Orange,ARCO
2937 E Chapman Ave,Orange,ARCO
480 N Glassell St,Orange,ARCO
102 E Yorba Linda Blvd,Placentia,ARCO
1201 E Imperial Hwy,Placentia,ARCO
1202 E Yorba Linda Blvd,Placentia,ARCO
29880 Santa Margarita Pkwy,Rancho Santa Margarita,ARCO
2749 N El Camino Real,San Clemente,ARCO
1222 E First St,Santa Ana,ARCO
1727 E Dyer Rd,Santa Ana,ARCO
2646 W 1st St,Santa Ana,ARCO
2940 N Bristol St,Santa Ana,ARCO
302 W First St,Santa Ana,ARCO
3414 S Main St,Santa Ana,ARCO
14231 Red Hill Ave,Tustin,ARCO
14244 Newport Ave,Tustin,ARCO
13142 Goldenwest St,Westminster,ARCO
14511 Brookhurst St,Westminster,ARCO
23611 La Palma Ave,Yorba Linda,ARCO
2180 W Ball Rd,Anaheim,Other
17971 Brookhurst St,Fountain Valley,Other
18025 Magnolia St,Fountain Valley,Other
8221 Garden Grove Blvd,Garden Grove,Other
619 E La Habra Blvd,La Habra,Other
750 N Harbor Blvd,La Habra,Other
16621 Pacific Coast Hwy,Sunset Beach,Other
890 N Batavia St,Orange,Other
22952 Pacific Park Dr,Aliso Viejo,Chevron
23022 Aliso Creek Rd,Aliso Viejo,Chevron
26815 La Paz Rd,Aliso Viejo,Chevron
100 E Katella Ave,Anaheim,Chevron
10502 Magnolia Ave,Anaheim,Chevron
10972 Katella Ave,Anaheim,Chevron
1198 S State College Blvd,Anaheim,Chevron
1200 N East St,Anaheim,Chevron
1200 S Harbor Blvd,Anaheim,Chevron
2175 W La Palma Ave,Anaheim,Chevron
2530 E La Palma Ave,Anaheim,Chevron
3085 E La Palma Ave,Anaheim,Chevron
3490 W Lincoln Ave,Anaheim,Chevron
3901 E Riverdale Ave,Anaheim,Chevron
9225 S Brookhurst St,Anaheim,Chevron
984 S Beach Blvd,Anaheim,Chevron
700 E Imperial Hwy,Brea,Chevron
5241 Beach Blvd,Buena Park,Chevron
6392 Beach Blvd,Buena Park,Chevron
6971 Beach Blvd,Buena Park,Chevron
7250 Artesia Blvd,Buena Park,Chevron
7990 Valley View St,Buena Park,Chevron
2546 E Coast Hwy,Corona Del Mar,Chevron
1740 Newport Blvd,Costa Mesa,Chevron
195 E 17th St,Costa Mesa,Chevron
2160 Harbor Blvd,Costa Mesa,Chevron
2995 Bristol St,Costa Mesa,Chevron
3000 Fairview Rd,Costa Mesa,Chevron
3048 Bristol St,Costa Mesa,Chevron
3190 Harbor Blvd,Costa Mesa,Chevron
4992 Lincoln Ave,Cypress,Chevron
5999 Cerritos Ave,Cypress,Chevron
9500 Valley View St,Cypress,Chevron
32842 Pacific Coast Hwy,Dana Point,Chevron
34164 Pacific Coast Hwy,Dana Point,Chevron
34306 Pacific Coast Hwy,Dana Point,Chevron
10020 Warner Ave,Fountain Valley,Chevron
17980 Magnolia St,Fountain Valley,Chevron
8980 Warner Ave,Fountain Valley,Chevron
1201 E Orangethorpe Ave,Fullerton,Chevron
1730 W Orangethorpe Ave,Fullerton,Chevron
2950 Nutwood Ave,Fullerton,Chevron
2961 Yorba Linda Blvd,Fullerton,Chevron
944 W Orangethorpe Ave,Fullerton,Chevron
11971 Valley View St,Garden Grove,Chevron
12012 Brookhurst St,Garden Grove,Chevron
13321 Harbor Blvd,Garden Grove,Chevron
13681 Magnolia St,Garden Grove,Chevron
8032 Garden Grove Blvd,Garden Grove,Chevron
17472 Beach Blvd,Huntington Beach,Chevron
18501 Beach Blvd,Huntington Beach,Chevron
19472 Beach Blvd,Huntington Beach,Chevron
5002 Edinger Ave,Huntington Beach,Chevron
6972 Warner Ave,Huntington Beach,Chevron
7055 Yorktown Ave,Huntington Beach,Chevron
8971 Adams Ave,Huntington Beach,Chevron
14446 Culver Dr,Irvine,Chevron
16221 Lake Forest Dr,Irvine,Chevron
17561 MacArthur Blvd,Irvine,Chevron
18002 Culver Dr,Irvine,Chevron
18692 MacArthur Blvd,Irvine,Chevron
3801 Portola Pkwy,Irvine,Chevron
3921 Irvine Blvd,Irvine,Chevron
5425 Alton Pkwy,Irvine,Chevron
6320 Irvine Blvd,Irvine,Chevron
80 Corporate Park,Irvine,Chevron
101 E Lambert Rd,La Habra,Chevron
110 S Harbor Blvd,La Habra,Chevron
1150 W La Habra Blvd,La Habra,Chevron
1950 W Imperial Hwy,La Habra,Chevron
604 S Coast Hwy,Laguna Beach,Chevron
23991 El Toro Rd,Laguna Hills,Chevron
24795 Alicia Pkwy,Laguna Hills,Chevron
25991 Crown Valley Pkwy,Laguna Niguel,Chevron
30072 Crown Valley Pkwy,Laguna Niguel,Chevron
20731 Lake Forest Dr,Lake Forest,Chevron
23631 Rockfield Blvd,Lake Forest,Chevron
23891 Bridger Rd,Lake Forest,Chevron
24571 Trabuco Rd,Lake Forest,Chevron
5100 Katella Ave,Los Alamitos,Chevron
26302 Oso Pkwy,Mission Viejo,Chevron
27650 Santa Margarita Pkwy,Mission Viejo,Chevron
27742 Crown Valley Pkwy,Mission Viejo,Chevron
1550 Jamboree Rd,Newport Beach,Chevron
2121 SE Bristol St,Newport Beach,Chevron
301 E Coast Hwy,Newport Beach,Chevron
105 E Katella Ave,Orange,Chevron
1405 W Chapman Ave,Orange,Chevron
1650 W La Veta Ave,Orange,Chevron
1702 N Tustin St,Orange,Chevron
1940 E Katella Ave,Orange,Chevron
2844 N Santiago Blvd,Orange,Chevron
4105 W Chapman Ave,Orange,Chevron
8544 E Chapman Ave,Orange,Chevron
313 W Orangethorpe Ave,Placentia,Chevron
28632 Oso Pkwy,Rancho Santa Margarita,Chevron
30832 Santa Margarita Pkwy,Rancho Santa Margarita,Chevron
1729 S El Camino Real,San Clemente,Chevron
515 E Avenida Pico,San Clemente,Chevron
26571 Junipero Serra Rd,San Juan Capistrano,Chevron
28692 Camino Capistrano,San Juan Capistrano,Chevron
1501 S Broadway,Santa Ana,Chevron
2120 McFadden Ave,Santa Ana,Chevron
2261 N Fairview St,Santa Ana,Chevron
2603 S Main St,Santa Ana,Chevron
2650 N Grand Ave,Santa Ana,Chevron
325 N Tustin Ave,Santa Ana,Chevron
3301 S Bristol St,Santa Ana,Chevron
3801 S Bristol St,Santa Ana,Chevron
400 E 17th St,Santa Ana,Chevron
401 N Grand Ave,Santa Ana,Chevron
4505 W 1st St,Santa Ana,Chevron
801 N Bristol St,Santa Ana,Chevron
1300 Pacific Coast Hwy,Seal Beach,Chevron
2950 Westminster Ave,Seal Beach,Chevron
4000 Lampson Ave,Seal Beach,Chevron
10961 Beach Blvd,Stanton,Chevron
14082 Red Hill Ave,Tustin,Chevron
2740 Bryan Ave,Tustin,Chevron
13712 Goldenwest St,Westminster,Chevron
14902 Beach Blvd,Westminster,Chevron
15501 Beach Blvd,Westminster,Chevron
5992 Westminster Blvd,Westminster,Chevron
17499 Yorba Linda Blvd,Yorba Linda,Chevron
18121 Imperial Hwy,Yorba Linda,Chevron
19751 Yorba Linda Blvd,Yorba Linda,Chevron
5401 Katella Ave,Cypress,Other
17900 Newhope St,Fountain Valley,Other
910 S Harbor Blvd,Fullerton,Other
11000 Garden Grove Blvd,Garden Grove,Other
7562 Center Ave,Huntington Beach,Other
115 Technology Dr,Irvine,Other
101 N Beach Blvd,La Habra,Other
27220 Heather Ridge Rd,Laguna Niguel,Other
27972 Cabot Rd,Laguna Niguel,Other
33961 Coheny Park Rd,San Juan Capistrano,Other
2701 Park Ave,Tustin,Other
22633 Savi Ranch Pkwy,Yorba Linda,Other
18011 Culver Dr,Irvine,Other
4002 Ball Rd,Cypress,Other
1620 N Broadway,Santa Ana,Other
6000 Orangethorpe Ave,Buena Park,Other
120 S Coast Hwy,Laguna Beach,Other
105 E Lincoln Ave,Orange,Other
300 S Brookhurst Ave,Anaheim,Other
15971 Goldenwest St,Huntington Beach,Other
16990 Beach Blvd,Huntington Beach,Other
7501 Katella Ave,Stanton,Other
8472 Katella Ave,Stanton,Other
13741 Beach Blvd,Westminster,Other
13152 Garden Grove Blvd,Garden Grove,Other
220 W 17th St,Santa Ana,Other
20572 Lake Forest Dr,Lake Forest,Other
2231 N Grand Ave,Santa Ana,Other
18971 Beach Blvd,Huntington Beach,Other
26052 Marguerite Pkwy,Mission Viejo,Mobil
13441 Beach Blvd,Westminster,Mobil
23431 Aliso Viejo Pkwy,Aliso Viejo,Mobil
26996 La Paz Rd,Aliso Viejo,Mobil
1100 N Euclid St,Anaheim,Mobil
1199 S State College Blvd,Anaheim,Mobil
1200 N State College Blvd,Anaheim,Mobil
1680 W Broadway,Anaheim,Mobil
2604 W La Palma Ave,Anaheim,Mobil
2800 E Lincoln Ave,Anaheim,Mobil
400 N Lakeview Ave,Anaheim,Mobil
741 S Weir Canyon Rd,Anaheim,Mobil
5989 Beach Blvd,Buena Park,Mobil
8510 Knott Ave,Buena Park,Mobil
8991 Orangethorpe Ave,Buena Park,Mobil
3006 Harbor Blvd,Costa Mesa,Mobil
3470 S Fairview St,Costa Mesa,Mobil
5972 Lincoln Ave,Cypress,Mobil
6011 Ball Rd,Cypress,Mobil
33571 Del Obispo St,Dana Point,Mobil
27252 Portola Pkwy,Foothill Ranch,Mobil
9020 Edinger Ave,Fountain Valley,Mobil
9024 Warner Ave,Fountain Valley,Mobil
2601 Yorba Linda Blvd,Fullerton,Mobil
2800 Imperial Hwy,Fullerton,Mobil
3950 N Harbor Blvd,Fullerton,Mobil
11962 Brookhurst St,Garden Grove,Mobil
12422 Valley View St,Garden Grove,Mobil
13031 Magnolia St,Garden Grove,Mobil
15001 Goldenwest St,Huntington Beach,Mobil
16001 Beach Blvd,Huntington Beach,Mobil
17222 Pacific Coast Hwy,Huntington Beach,Mobil
20002 Beach Blvd,Huntington Beach,Mobil
5972 Warner Ave,Huntington Beach,Mobil
9001 Adams Ave,Huntington Beach,Mobil
14493 Culver Dr,Irvine,Mobil
17551 MacArthur Blvd,Irvine,Mobil
3765 Alton Pkwy,Irvine,Mobil
5793 Alton Pkwy,Irvine,Mobil
8471 Walker St,La Palma,Mobil
104 N Coast Hwy,Laguna Beach,Mobil
27430 Alicia Pkwy,Laguna Niguel,Mobil
30061 Alicia Pkwy,Laguna Niguel,Mobil
24362 El Toro Rd,Laguna Woods,Mobil
21721 Lake Forest Dr,Lake Forest,Mobil
3971 Cerritos Ave,Los Alamitos,Mobil
23002 Alicia Pkwy,Mission Viejo,Mobil
26811 Trabuco Rd,Mission Viejo,Mobil
2504 E Chapman Ave,Orange,Mobil
31521 Santa Margarita Pkwy,Rancho Santa Margarita,Mobil
600 E Avenida Pico,San Clemente,Mobil
901 Avenida Pico,San Clemente,Mobil
100 W MacArthur Blvd,Santa Ana,Mobil
1351 E Dyer Rd,Santa Ana,Mobil
1465 S Main St,Santa Ana,Mobil
2702 W 1st St,Santa Ana,Mobil
12240 Seal Beach Blvd,Seal Beach,Mobil
13872 Red Hill Ave,Tustin,Mobil
17241 Irvine Blvd,Tustin,Mobil
21440 Yorba Linda Blvd,Yorba Linda,Mobil
24202 Moulton Pkwy,Laguna Woods,Other
1001 N Harbor Blvd,Fullerton,Other
2345 W Chapman Ave,Orange,Other
17099 Brookhurst St,Fountain Valley,Other
603 S Placentia Ave,Fullerton,Other
1390 S Beach Blvd,La Habra,Other
1731 N El Camino Real,San Clemente,Other
1431 N Raymond Ave,Anaheim,Other
27055 Aliso Creed Rd,Aliso Viejo,Shell
27882 Aliso Creek Rd,Aliso Viejo,Shell
1198 W Ball Rd,Anaheim,Shell
1200 S State College Blvd,Anaheim,Shell
201 S State College Blvd,Anaheim,Shell
2100 S Harbor Blvd,Anaheim,Shell
2331 E Katella Ave,Anaheim,Shell
3080 E La Palma Ave,Anaheim,Shell
3125 E Orangethorpe Ave,Anaheim,Shell
5650 E La Palma Ave,Anaheim,Shell
601 W Ball Rd,Anaheim,Shell
8275 E Santa Ana Cyn Rd,Anaheim,Shell
365 W Central Ave,Brea,Shell
1201 Baker St,Costa Mesa,Shell
1512 SE Bristol St,Costa Mesa,Shell
790 W 19th St,Costa Mesa,Shell
9472 Valley View St,Cypress,Shell
16969 Brookhurst St,Fountain Valley,Shell
17966 Brookhurst St,Fountain Valley,Shell
1124 E Chapman Ave,Fullerton,Shell
1625 S Harbor Blvd,Fullerton,Shell
2291 W Malvern Ave,Fullerton,Shell
2690 Yorba Linda Blvd,Fullerton,Shell
10971 Chapman Ave,Garden Grove,Shell
12161 Garden Grove Blvd,Garden Grove,Shell
12571 Valley View St,Garden Grove,Shell
13501 Harbor Blvd,Garden Grove,Shell
13501 Magnolia St,Garden Grove,Shell
13642 Euclid St,Garden Grove,Shell
6502 Edinger Ave,Huntington Beach,Shell
3090 Main St,Irvine,Shell
3720 Barranca Pkwy,Irvine,Shell
4162 Trabuco Rd,Irvine,Shell
4601 Campus Dr,Irvine,Shell
51 Technology Dr,Irvine,Shell
590 S Coast Hwy,Laguna Beach,Shell
23038 Lake Forest Dr,Laguna Hills,Shell
28922 Golden Lantern St,Laguna Niguel,Shell
30011 Crown Valley Pkwy,Laguna Niguel,Shell
21752 Lake Forest Dr,Lake Forest,Shell
23652 Rockfield Blvd,Lake Forest,Shell
23852 El Toro Rd,Lake Forest,Shell
26721 Rancho Pkwy,Lake Forest,Shell
10961 Los Alamitos Blvd,Los Alamitos,Shell
25561 Jeronimo Rd,Mission Viejo,Shell
26202 La Paz Rd,Mission Viejo,Shell
27600 Marguerite Pkwy,Mission Viejo,Shell
27875 Santa Margarita Pkwy,Mission Viejo,Shell
28681 Marguerite Pkwy,Mission Viejo,Shell
1600 Jamboree Rd,Newport Beach,Shell
1815 N Tustin St,Orange,Shell
1914 E Chapman Ave,Orange,Shell
2640 N Santiago Blvd,Orange,Shell
83 N Tustin St,Orange,Shell
889 S Tustin St,Orange,Shell
30114 Santa Margarita Pkwy,Rancho Santa Margarita,Shell
2400 S El Camino Real,San Clemente,Shell
27101 Ortega Hwy,San Juan Capistrano,Shell
1501 E Edinger Ave,Santa Ana,Shell
2641 N Bristol St,Santa Ana,Shell
320 N Tustin Ave,Santa Ana,Shell
3820 S Fairview St,Santa Ana,Shell
710 E Dyer Rd,Santa Ana,Shell
11500 Beach Blvd,Stanton,Shell
21712 Plano Trabuco Rd,Trabuco Canyon,Shell
13131 Jamboree Rd,Tustin,Shell
13891 Red Hill Ave,Tustin,Shell
14121 Newport Ave,Tustin,Shell
395 W 1st St,Tustin,Shell
6311 Westminster Blvd,Westminster,Shell
7760 Crescent Ave,Buena Park,Other
14391 Newport Ave,Tustin,Other
1101 W Commonwealth Ave,Fullerton,Other
1101 N Magnolia Ave,Anaheim,Other
700 N Brookhurst St,Anaheim,Other
2811 W Lincoln Ave,Anaheim,Other
6702 Westminster Blvd,Westminster,Other
795 S El Camino Real,San Clemente,Other
5142 W 1st St,Santa Ana,Other
2502 Harbor Blvd,Costa Mesa,Other
401 N Tustin Ave,Santa Ana,Other
2800 W Ball Rd,Anaheim,Other
120 E Imperial Hwy,Brea,Other
718 S Brea Blvd,Brea,Other
751 Baker St,Costa Mesa,Other
18520 Brookhurst St,Fountain Valley,Other
825 E Katella Ave,Orange,Other
590 Camino de Estrella,San Clemente,Other
1539 S Standard Ave,Santa Ana,Other
5231 Beach Blvd,Buena Park,Other
2050 Harbor Blvd,Costa Mesa,Other
2490 N Tustin St,Orange,Other
2700 N Santiago Blvd,Orange,Other
3301 E Chapman Ave,Orange,Other
4502 Westminster Ave,Santa Ana,Other
14501 Red Hill Ave,Tustin,Other
901 N Placentia Ave,Fullerton,Other
8972 Adams Ave,Huntington Beach,Other
1702 N Broadway,Santa Ana,Other
